<?xml version="1.0"?>
<doc>
    <assembly>
        <name>WebApiP507</name>
    </assembly>
    <members>
        <member name="M:WebApiP507.Controllers.PostController.Get">
            <summary>
            Get All Post
            </summary>
            <returns></returns>
        </member>
        <member name="M:WebApiP507.Controllers.PostController.Get(System.Int32)">
            <summary>
            Get Post equal Id
            </summary>
            <param name="id"></param>
            <returns></returns>
        </member>
        <member name="M:WebApiP507.Controllers.PostController.Post(WebApiP507.Models.Post)">
            <summary>
            Create Post
            </summary>
            <param name="post"></param>
            <returns></returns>
        </member>
        <member name="M:WebApiP507.Controllers.PostController.Put(System.Int32,WebApiP507.Models.Post)">
            <summary>
            Update Post
            </summary>
            <param name="id"></param>
            <param name="post"></param>
            <returns></returns>
        </member>
        <member name="M:WebApiP507.Controllers.PostController.Delete(System.Int32)">
            <summary>
            Delete Post
            </summary>
            <param name="id"></param>
            <returns></returns>
        </member>
    </members>
</doc>
